"address_id","address","address2","district","city_id","postal_code","phone","location","last_update"
1,"47 MySakila Drive",,Alberta,300,"","",POINT (-112.8185647 49.6999986),"2014-09-25 22:30:27"
2,"28 MySQL Boulevard",,QLD,576,"","",POINT (153.1408538 -27.6333361),"2014-09-25 22:30:09"
3,"23 Workhaven Lane",,Alberta,300,"","14033335568",POINT (-112.8185673 49.6999951),"2014-09-25 22:30:27"
4,"1411 Lillydale Drive",,QLD,576,"","6172235589",POINT (153.1913094 -27.6333373),"2014-09-25 22:30:09"
5,"1913 Hanoi Way","",Nagasaki,463,"35200","28303384290",POINT (129.7227851 33.1591726),"2014-09-25 22:31:53"
6,"1121 Loja Avenue","",California,449,"17886","838635286649",POINT (-117.2897714 34.1083428),"2014-09-25 22:34:01"
7,"692 Joliet Street","",Attika,38,"83579","448477190408",POINT (23.7162294 37.9794508),"2014-09-25 22:31:07"
8,"1566 Inegl Manor","",Mandalay,349,"53561","705814003527",POINT (95.3884368 21.4600272),"2014-09-25 22:32:18"
9,"53 Idfu Parkway","",Nantou,361,"42399","10655648674",POINT (120.6638785 23.9156685),"2014-09-25 22:33:16"
10,"1795 Santiago de Compostela Way","",Texas,295,"18743","860452626434",POINT (-99.5075448 27.5064117),"2014-09-25 22:33:55"
11,"900 Santiago de Compostela Parkway","",Central Serbia,280,"93896","716571220373",POINT (0 0),"2014-09-25 22:34:11"
12,"478 Joliet Way","",Hamilton,200,"77948","657282285970",POINT (175.2833399 -37.7833313),"2014-09-25 22:32:22"
13,"613 Korolev Drive","",Masqat,329,"45844","380657522649",POINT (58.5922971 23.6138798),"2014-09-25 22:32:29"
14,"1531 Sal Drive","",Esfahan,162,"53628","648856936185",POINT (51.6746246 32.6524674),"2014-09-25 22:31:36"
15,"1542 Tarlac Parkway","",Kanagawa,440,"1027","635297277345",POINT (139.3589644 35.5557889),"2014-09-25 22:31:53"
16,"808 Bhopal Manor","",Haryana,582,"10672","465887807014",POINT (0 0),"2014-09-25 22:31:30"
17,"270 Amroha Parkway","",Osmaniye,384,"29610","695479687538",POINT (36.2477824 37.0741756),"2014-09-25 22:33:27"
18,"770 Bydgoszcz Avenue","",California,120,"16266","517338314235",POINT (-121.2810649 38.7071296),"2014-09-25 22:33:47"
19,"419 Iligan Lane","",Madhya Pradesh,76,"72878","990911107354",POINT (77.4028938 23.2546953),"2014-09-25 22:31:13"
20,"360 Toulouse Parkway","",England,495,"54308","949312333307",POINT (0.7143363 51.5378203),"2014-09-25 22:33:40"
21,"270 Toulon Boulevard","",Kalmykia,156,"81766","407752414682",POINT (44.2558374 46.3077803),"2014-09-25 22:32:48"
22,"320 Brest Avenue","",Kaduna,252,"43331","747791594069",POINT (7.4382858 10.5222412),"2014-09-25 22:32:25"
23,"1417 Lancaster Avenue","",Northern Cape,267,"72192","272572357893",POINT (24.7623254 -28.7322674),"2014-09-25 22:33:03"
24,"1688 Okara Way","",Nothwest Border Prov,327,"21954","144453869132",POINT (0 0),"2014-09-25 22:32:30"
25,"262 A Corua (La Corua) Parkway","",Dhaka,525,"34418","892775750063",POINT (89.9165584 24.2498482),"2014-09-25 22:30:12"
26,"28 Charlotte Amalie Street","",Rabat-Sal-Zammour-Z,443,"37551","161968374323",POINT (0 0),"2014-09-25 22:32:16"
27,"1780 Hino Boulevard","",Liepaja,303,"7716","902731229323",POINT (21.0166781 56.5166715),"2014-09-25 22:31:58"
28,"96 Tafuna Way","",Crdoba,128,"99865","934730187245",POINT (0 0),"2014-09-25 22:30:05"
29,"934 San Felipe de Puerto Plata Street","",Sind,472,"99780","196495945706",POINT (68.6378981 27.9570677),"2014-09-25 22:32:31"
30,"18 Duisburg Boulevard","","",121,"58327","998009777982",POINT (0 0),"2014-09-25 22:31:08"
31,"217 Botshabelo Place","",Southern Mindanao,138,"49521","665356572025",POINT (0 0),"2014-09-25 22:32:36"
32,"1425 Shikarpur Manor","",Bihar,346,"65599","678220867005",POINT (86.4735203 25.3755655),"2014-09-25 22:31:20"
33,"786 Aurora Avenue","",Yamaguchi,474,"65750","18461860151",POINT (130.9570667 33.9587914),"2014-09-25 22:31:53"
34,"1668 Anpolis Street","",Taipei,316,"50199","525255540978",POINT (0 0),"2014-09-25 22:33:15"
35,"33 Gorontalo Way","",West Bengali,257,"30348","745994947458",POINT (88.3747238 22.6711153),"2014-09-25 22:31:18"
36,"176 Mandaluyong Place","",Uttar Pradesh,239,"65213","627705991774",POINT (78.5822145 25.4544634),"2014-09-25 22:31:17"
37,"127 Purnea (Purnia) Manor","",Piemonte,17,"79388","911872220378",POINT (8.6100757 44.9092442),"2014-09-25 22:31:42"
38,"61 Tama Street","",Okayama,284,"94065","708403338270",POINT (133.7666798 34.5833369),"2014-09-25 22:31:49"
39,"391 Callao Drive","",Midi-Pyrnes,544,"34021","440512153169",POINT (0 0),"2014-09-25 22:31:01"
40,"334 Munger (Monghyr) Lane","",Markazi,31,"38145","481183273622",POINT (49.6891697 34.0917421),"2014-09-25 22:31:36"
41,"1440 Fukuyama Loop","",Henan,362,"47929","912257250465",POINT (112.5327806 32.9947239),"2014-09-25 22:30:40"
42,"269 Cam Ranh Parkway","",Chisinau,115,"34689","489783829737",POINT (28.8575834 47.0055601),"2014-09-25 22:32:15"
43,"306 Antofagasta Place","",Esprito Santo,569,"3989","378318851631",POINT (0 0),"2014-09-25 22:30:23"
44,"671 Graz Street","",Oriental,353,"94399","680768868518",POINT (-2.9335289 35.1681312),"2014-09-25 22:32:16"
45,"42 Brindisi Place","",Yerevan,586,"16744","42384721397",POINT (44.5136157 40.1811198),"2014-09-25 22:30:08"
46,"1632 Bislig Avenue","",Nonthaburi,394,"61117","471675840679",POINT (100.4988397 13.9130104),"2014-09-25 22:33:20"
47,"1447 Imus Way","",Tahiti,167,"48942","539758313890",POINT (-149.6843672 -17.5546957),"2014-09-25 22:31:02"
48,"1998 Halifax Drive","",Lipetsk,308,"76022","177727722820",POINT (39.5707653 52.6031163),"2014-09-25 22:32:54"
49,"1718 Valencia Street","",Antofagasta,27,"37359","675292816413",POINT (-70.3954856 -23.6523691),"2014-09-25 22:30:29"
50,"46 Pjatigorsk Lane","",Moscow (City),343,"23616","262076994845",POINT (37.5386455 55.7488297),"2014-09-25 22:32:55"
51,"686 Garland Manor","",Cear,247,"52535","69493378813",POINT (0 0),"2014-09-25 22:30:19"
52,"909 Garland Manor","",Tatarstan,367,"69367","705800322606",POINT (51.8244755 55.6365792),"2014-09-25 22:32:55"
53,"725 Isesaki Place","",Mekka,237,"74428","876295323994",POINT (39.1979758 21.5423826),"2014-09-25 22:33:00"
54,"115 Hidalgo Parkway","",Khartum,379,"80168","307703950263",POINT (32.4777359 15.6445381),"2014-09-25 22:33:11"
55,"1135 Izumisano Parkway","",California,171,"48150","171822533480",POINT (-117.4350521 34.0922301),"2014-09-25 22:33:50"
56,"939 Probolinggo Loop","",Galicia,1,"4166","680428310138",POINT (0 0),"2014-09-25 22:33:08"
57,"17 Kabul Boulevard","",Chiba,355,"38594","697760867968",POINT (139.9026668 35.8563057),"2014-09-25 22:31:51"
58,"1964 Allappuzha (Alleppey) Street","",Yamaguchi,227,"48980","920811325222",POINT (132.2220908 34.1629706),"2014-09-25 22:31:47"
59,"1697 Kowloon and New Kowloon Loop","",Moskova,49,"57807","499352017190",POINT (0 0),"2014-09-25 22:32:47"
60,"1668 Saint Louis Place","",Tahiti,397,"39072","347487831378",POINT (-149.5665635 -17.5373362),"2014-09-25 22:31:02"
61,"943 Tokat Street","",Vaduz,560,"45428","889318963672",POINT (9.5215498 47.1415115),"2014-09-25 22:31:58"
62,"1114 Liepaja Street","",Sarawak,282,"69226","212869228936",POINT (110.3333389 1.5570314),"2014-09-25 22:32:00"
63,"1213 Ranchi Parkway","",Karnataka,350,"94352","800024380485",POINT (766456911 13.5639657),"2014-09-25 22:31:21"
64,"81 Hodeida Way","",Rajasthan,231,"55561","250767749542",POINT (75.7878198 26.9196216),"2014-09-25 22:31:17"
65,"915 Ponce Place","",Basel-Stadt,56,"83980","1395251317",POINT (7.5732756 47.5583998),"2014-09-25 22:33:12"
66,"1717 Guadalajara Lane","",Missouri,441,"85505","914090181665",POINT (-90.1978931 38.6272726),"2014-09-25 22:33:59"
67,"1214 Hanoi Way","",Nebraska,306,"67055","491001136577",POINT (-96.6669636 40.8194939),"2014-09-25 22:33:56"
68,"1966 Amroha Avenue","",Sichuan,139,"70385","333489324603",POINT (107.5009216 31.2159254),"2014-09-25 22:30:32"
69,"698 Otsu Street","",Cayenne,105,"71110","409983924481",POINT (-52.3333399 4.9333377),"2014-09-25 22:31:02"
70,"1150 Kimchon Manor","",Skne ln,321,"96109","663449333709",POINT (0 0),"2014-09-25 22:33:11"
71,"1586 Guaruj Place","",Hunan,579,"5135","947233365992",POINT (112.9985807 27.8519136),"2014-09-25 22:30:46"
72,"57 Arlington Manor","",Madhya Pradesh,475,"48960","990214419142",POINT (77.6514276 25.4308235),"2014-09-25 22:31:27"
73,"1031 Daugavpils Parkway","",Bchar,63,"59025","107137400143",POINT (0 0),"2014-09-25 22:29:59"
74,"1124 Buenaventura Drive","",Mekka,13,"6856","407733804223",POINT (0 0),"2014-09-25 22:32:59"
75,"492 Cam Ranh Street","",Eastern Visayas,61,"50805","565018274456",POINT (124.8006205 10.6785254),"2014-09-25 22:32:34"
76,"89 Allappuzha (Alleppey) Manor","",National Capital Reg,517,"75444","255800440636",POINT (0 0),"2014-09-25 22:32:39"
77,"1947 Poos de Caldas Boulevard","",Chiayi,114,"60951","427454485876",POINT (120.3928389 23.4617851),"2014-09-25 22:33:14"
78,"1206 Dos Quebradas Place","",So Paulo,431,"20207","241832790687",POINT (0 0),"2014-09-25 22:30:21"
79,"1551 Rampur Lane","",Changhwa,108,"72394","251164340471",POINT (0 0),"2014-09-25 22:33:14"
80,"602 Paarl Street","",Pavlodar,402,"98889","896314772871",POINT (77.0043801 52.2740146),"2014-09-25 22:31:55"
81,"1692 Ede Loop","",So Paulo,30,"9223","918711376618",POINT (0 0),"2014-09-25 22:30:16"
82,"936 Salzburg Lane","",Uttar Pradesh,425,"96709","875756771675",POINT (81.2449939 26.2191025),"2014-09-25 22:31:24"
83,"586 Tete Way","",Kanagawa,256,"1079","18581624103",POINT (139.5502887 35.3088962),"2014-09-25 22:31:48"
84,"1888 Kabul Drive","",Oyo & Osun,217,"20936","701457319790",POINT (0 0),"2014-09-25 22:32:24"
85,"320 Baiyin Parkway","",Mahajanga,319,"37307","223664661973",POINT (46.3166743 -15.7166741),"2014-09-25 22:31:59"
86,"927 Baha Blanca Parkway","",Krim,479,"9495","821972242086",POINT (34.1107975 44.9571971),"2014-09-25 22:33:33"
87,"929 Tallahassee Loop","",Gauteng,497,"74671","800716535041",POINT (28.4194136 -26.2533214),"2014-09-25 22:33:06"
88,"125 Citt del Vaticano Boulevard","",Puebla,40,"67912","48417642933",POINT (-98.4361382 18.9081595),"2014-09-25 22:32:02"
89,"1557 Ktahya Boulevard","",England,88,"88002","720998247660",POINT (-1.7520692 53.7939173),"2014-09-25 22:33:36"
90,"870 Ashqelon Loop","",Songkhla,489,"84931","135117278909",POINT (100.5951996 7.1988262),"2014-09-25 22:33:20"
91,"1740 Portoviejo Avenue","",Sucre,480,"29932","198123170793",POINT (-75.3977888 9.3047285),"2014-09-25 22:30:53"
92,"1942 Ciparay Parkway","",Cheju,113,"82624","978987363654",POINT (126.5461176 33.4016753),"2014-09-25 22:33:06"
93,"1926 El Alto Avenue","",Buenos Aires,289,"75543","846225459260",POINT (-57.9545302 -34.9214582),"2014-09-25 22:30:05"
94,"1952 Chatsworth Drive","",Guangdong,332,"25958","991562402283",POINT (116.1337663 24.3536429),"2014-09-25 22:30:40"
95,"1370 Le Mans Avenue","",Brunei and Muara,53,"52163","345679835036",POINT (114.9480606 4.9402974),"2014-09-25 22:30:23"
96,"984 Effon-Alaiye Avenue","",Gois,183,"17119","132986892228",POINT (0 0),"2014-09-25 22:30:17"
97,"832 Nakhon Sawan Manor","",Inner Mongolia,592,"49021","275595571388",POINT (122.7166725 486172957),"2014-09-25 22:30:50"
98,"152 Kitwe Parkway","",Caraga,82,"53182","835433605312",POINT (126.3163958 8.2152827),"2014-09-25 22:32:35"
99,"1697 Tanauan Lane","",Punjab,399,"22870","4764773857",POINT (75.6449709 32.3316749),"2014-09-25 22:31:22"
100,"1308 Arecibo Way","",Georgia,41,"30695","6171054059",POINT (-81.9748497 33.4709748),"2014-09-25 22:33:43"
101,"1599 Plock Drive","",Tete,534,"71986","817248913162",POINT (33.5866733 -16.1563948),"2014-09-25 22:32:18"
102,"669 Firozabad Loop","",Abu Dhabi,12,"92265","412903167998",POINT (55.7605667 24.1916795),"2014-09-25 22:33:35"
103,"588 Vila Velha Manor","",Kyongsangbuk,268,"51540","333339908719",POINT (0 0),"2014-09-25 22:33:07"
104,"1913 Kamakura Place","",Lipetsk,238,"97287","942570536750",POINT (0 0),"2014-09-25 22:32:49"
105,"733 Mandaluyong Place","",Asir,2,"77459","196568435814",POINT (42.5052814 18.2163937),"2014-09-25 22:32:59"
106,"659 Vaduz Drive","",Ha Darom,34,"49708","709935135487",POINT (0 0),"2014-09-25 22:31:40"
107,"1177 Jelets Way","",Kwara & Kogi,220,"3305","484292626944",POINT (4.5546462 8.5497914),"2014-09-25 22:32:24"
108,"1386 Yangor Avenue","",Provence-Alpes-Cte,543,"80720","449216226468",POINT (0 0),"2014-09-25 22:31:01"
109,"454 Nakhon Sawan Boulevard","",Funafuti,173,"76383","963887147572",POINT (179.1941789 -8.5242561),"2014-09-25 22:33:31"
110,"1867 San Juan Bautista Tuxtepec Avenue","",Ivanovo,225,"78311","547003310357",POINT (40.9713993 56.9971905),"2014-09-25 22:32:48"
111,"1532 Dzerzinsk Way","",Buenos Aires,334,"9599","330838016880",POINT (-58.7282854 -34.6658341),"2014-09-25 22:30:06"
112,"1002 Ahmadnagar Manor","",Mxico,213,"93026","371490777743",POINT (0 0),"2014-09-25 22:32:07"
113,"682 Junan Way","",North West,273,"30418","622255216127",POINT (26.6667296 -26.8521304),"2014-09-25 22:33:04"
114,"804 Elista Drive","",Hubei,159,"61069","379804592943",POINT (109.4833346 30.3716555),"2014-09-25 22:30:33"
115,"1378 Alvorada Avenue","",Distrito Federal,102,"75834","272234298332",POINT (-66.8791948 10.4880184),"2014-09-25 22:34:03"
116,"793 Cam Ranh Avenue","",California,292,"87057","824370924746",POINT (-118.1367498 34.6980486),"2014-09-25 22:33:55"
117,"1079 Tel Aviv-Jaffa Boulevard","",Sucre,132,"10885","358178933857",POINT (0 0),"2014-09-25 22:34:04"
118,"442 Rae Bareli Place","",Nordrhein-Westfalen,148,"24321","886636413768",POINT (6.7651616 51.4324703),"2014-09-25 22:31:04"
119,"1107 Nakhon Sawan Avenue","",Mxico,365,"75149","867546627903",POINT (0 0),"2014-09-25 22:32:11"
120,"544 Malm Parkway","",Central Java,403,"63502","386759646229",POINT (109.3666757 -6.9424081),"2014-09-25 22:31:34"
121,"1967 Sincelejo Place","",Gujarat,176,"73644","577812616052",POINT (72.6833332 23.2166788),"2014-09-25 22:31:16"
122,"333 Goinia Way","",Texas,185,"78625","909029256431",POINT (-96.9977802 32.7459686),"2014-09-25 22:33:51"
123,"1987 Coacalco de Berriozbal Loop","",al-Qalyubiya,476,"96065","787654415858",POINT (31.2505396 30.1251153),"2014-09-25 22:30:58"
124,"241 Mosul Lane","",Risaralda,147,"76157","765345144779",POINT (-75.6672757 4.8391685),"2014-09-25 22:30:52"
125,"211 Chiayi Drive","",Uttar Pradesh,164,"58186","665993880048",POINT (79.0215973 26.7778423),"2014-09-25 22:31:15"
126,"1175 Tanauan Way","",Lima,305,"64615","937222955822",POINT (-77.0282484 -12.0431865),"2014-09-25 22:32:33"
127,"117 Boa Vista Way","",Uttar Pradesh,566,"6804","677976133614",POINT (83.0104161 25.3166821),"2014-09-25 22:31:29"
128,"848 Tafuna Manor","",Ktahya,281,"45142","614935229095",POINT (0 0),"2014-09-25 22:33:27"
129,"569 Baicheng Lane","",Gauteng,85,"60304","490211944645",POINT (28.2595823 -26.2119716),"2014-09-25 22:33:02"
130,"1666 Qomsheh Drive","",So Paulo,410,"66255","582835362905",POINT (0 0),"2014-09-25 22:30:20"
131,"801 Hagonoy Drive","",Smolensk,484,"8439","237426099212",POINT (32.0401193 54.7818296),"2014-09-25 22:32:57"
132,"1050 Garden Grove Avenue","",Slaskie,236,"4999","973047364353",POINT (0 0),"2014-09-25 22:32:42"
133,"1854 Tieli Street","",Shandong,302,"15819","509492324775",POINT (115.9776621 36.4559676),"2014-09-25 22:30:39"
134,"758 Junan Lane","",Gois,190,"82639","935448624185",POINT (0 0),"2014-09-25 22:30:18"
135,"1752 So Leopoldo Parkway","",Taka-Karpatia,345,"14014","252265130067",POINT (0 0),"2014-09-25 22:33:32"
136,"898 Belm Manor","",Free State,87,"49757","707169393853",POINT (26.7052868 -29.2701604),"2014-09-25 22:33:02"
137,"261 Saint Louis Way","",Coahuila de Zaragoza,541,"83401","321944036800",POINT (0 0),"2014-09-25 22:32:13"
138,"765 Southampton Drive","",al-Qalyubiya,421,"4285","23712411567",POINT (31.2056807 30.1792216),"2014-09-25 22:30:57"
139,"943 Johannesburg Avenue","",Maharashtra,417,"5892","90921003005",POINT (73.8553565 18.5195797),"2014-09-25 22:31:24"
140,"788 Atinsk Street","",Karnataka,211,"81691","146497509724",POINT (758133303 15.4501336),"2014-09-25 22:31:17"
141,"1749 Daxian Place","",Gelderland,29,"11044","963369996279",POINT (5.9694471 52.2194571),"2014-09-25 22:32:20"
142,"1587 Sullana Lane","",Inner Mongolia,207,"85769","468060467018",POINT (111.6522231 40.8105654),"2014-09-25 22:30:35"
143,"1029 Dzerzinsk Manor","",Ynlin,542,"57519","33173584456",POINT (0 0),"2014-09-25 22:33:16"
144,"1666 Beni-Mellal Place","",Tennessee,123,"13377","9099941466",POINT (-87.3594586 36.5297793),"2014-09-25 22:33:48"
145,"928 Jaffna Loop","",Hiroshima,172,"93762","581852137991",POINT (133.3666742 34.4833354),"2014-09-25 22:31:45"
146,"483 Ljubertsy Parkway","",Scotland,149,"60562","581174211853",POINT (-2.9748951 56.4691327),"2014-09-25 22:33:36"
147,"374 Bat Yam Boulevard","",Kilis,266,"97700","923261616249",POINT (37.1154257 36.7161151),"2014-09-25 22:33:26"
148,"1027 Songkhla Manor","",Minsk,340,"30861","563660187896",POINT (0 0),"2014-09-25 22:30:13"
149,"999 Sanaa Loop","",Gauteng,491,"3439","918032330119",POINT (28.0991912 -25.4728869),"2014-09-25 22:33:05"
150,"879 Newcastle Way","",Michigan,499,"90732","206841104594",POINT (-83.0302359 42.5803102),"2014-09-25 22:34:01"
151,"1337 Lincoln Parkway","",Saitama,555,"99457","597815221267",POINT (139.6452896 35.8616754),"2014-09-25 22:31:55"
152,"1952 Pune Lane","",Saint-Denis,442,"92150","354615066969",POINT (0 0),"2014-09-25 22:32:46"
153,"782 Mosul Street","",Massachusetts,94,"25545","885899703621",POINT (-71.0183899 42.0834357),"2014-09-25 22:33:46"
154,"781 Shimonoseki Drive","",Michoacn de Ocampo,202,"95444","632316273199",POINT (0 0),"2014-09-25 22:32:06"
155,"1560 Jelets Boulevard","",Shandong,291,"77777","189446090264",POINT (117.6569432 36.1927835),"2014-09-25 22:30:38"
156,"1963 Moscow Place","",Assam,354,"64863","761379480249",POINT (92.6922571 26.3503746),"2014-09-25 22:31:21"
157,"456 Escobar Way","",Jakarta Raya,232,"36061","719202533520",POINT (106.8451399 -6.2146236),"2014-09-25 22:31:33"
158,"798 Cianjur Avenue","",Shanxi,590,"76990","499408708580",POINT (110.9927885 35.0230678),"2014-09-25 22:30:49"
159,"185 Novi Sad Place","",Bern,72,"41778","904253967161",POINT (7.4474467 46.9480957),"2014-09-25 22:33:13"
160,"1367 Yantai Manor","",Ondo & Ekiti,381,"21294","889538496300",POINT (5.0833356 7.1666732),"2014-09-25 22:32:26"
161,"1386 Nakhon Sawan Boulevard","",Pyongyang-si,420,"53502","368899174225",POINT (125.7543291 39.0338568),"2014-09-25 22:32:28"
162,"369 Papeete Way","",North Carolina,187,"66639","170117068815",POINT (-79.7919837 36.0726408),"2014-09-25 22:33:52"
163,"1440 Compton Place","",North Austria,307,"81037","931059836497",POINT (0 0),"2014-09-25 22:30:10"
164,"1623 Baha Blanca Manor","",Moskova,310,"81511","149981248346",POINT (0 0),"2014-09-25 22:32:54"
165,"97 Shimoga Avenue","",Tel Aviv,533,"44660","177167004331",POINT (34.7805719 32.0808879),"2014-09-25 22:31:41"
166,"1740 Le Mans Loop","",Pays de la Loire,297,"22853","168476538960",POINT (0.2925425 489535594),"2014-09-25 22:31:01"
167,"1287 Xiangfan Boulevard","",Gifu,253,"57844","819416131190",POINT (136.8666778 35.4166765),"2014-09-25 22:31:48"
168,"842 Salzburg Lane","",Adana,529,"3313","697151428760",POINT (35.6654367 37.2994811),"2014-09-25 22:33:29"
169,"154 Tallahassee Loop","",Xinxiang,199,"62250","935508855935",POINT (0 0),"2014-09-25 22:30:34"
170,"710 San Felipe del Progreso Avenue","",Lilongwe,304,"76901","843801144113",POINT (33.7872564 -13.9669289),"2014-09-25 22:31:59"
171,"1540 Wroclaw Drive","",Maharashtra,107,"62686","182363341674",POINT (79.2960722 19.9471171),"2014-09-25 22:31:14"
172,"475 Atinsk Way","",Gansu,240,"59571","201705577290",POINT (102.1937901 38.5006258),"2014-09-25 22:30:36"
173,"1294 Firozabad Drive","",Jiangxi,407,"70618","161801569569",POINT (113.8700962 27.5781343),"2014-09-25 22:30:40"
174,"1877 Ezhou Lane","",Rajasthan,550,"63337","264541743403",POINT (73.6918333 24.5711714),"2014-09-25 22:31:28"
175,"316 Uruapan Street","",Perak,223,"58194","275788967899",POINT (101.0829914 4.5841352),"2014-09-25 22:31:59"
176,"29 Pyongyang Loop","",Batman,58,"47753","734780743462",POINT (41.1322155 37.8873816),"2014-09-25 22:33:23"
177,"1010 Klerksdorp Way","",Steiermark,186,"6802","493008546874",POINT (15.4512761 47.0666727),"2014-09-25 22:30:10"
178,"1848 Salala Boulevard","",Miranda,373,"25220","48265851133",POINT (-66.7760937 10.1164909),"2014-09-25 22:34:04"
179,"431 Xiangtan Avenue","",Kerala,18,"4854","230250973122",POINT (0 0),"2014-09-25 22:31:10"
180,"757 Rustenburg Avenue","",Skikda,483,"89668","506134035434",POINT (6.9092172 36.8761757),"2014-09-25 22:30:01"
181,"146 Johannesburg Way","",Tamaulipas,330,"54132","953689007081",POINT (-97.5041713 25.8797291),"2014-09-25 22:32:09"
182,"1891 Rizhao Boulevard","",So Paulo,456,"47288","391065549876",POINT (0 0),"2014-09-25 22:30:21"
183,"1089 Iwatsuki Avenue","",Kirov,270,"35109","866092335135",POINT (0 0),"2014-09-25 22:32:50"
184,"1410 Benin City Parkway","",Risaralda,405,"29747","104150372603",POINT (-75.6961154 4.8133305),"2014-09-25 22:30:52"
185,"682 Garden Grove Place","",Tennessee,333,"67497","72136330362",POINT (-90.0489828 35.1495346),"2014-09-25 22:33:57"
186,"533 al-Ayn Boulevard","",California,126,"8862","662227486184",POINT (-118.2200788 33.8958567),"2014-09-25 22:33:48"
187,"1839 Szkesfehrvr Parkway","",Gois,317,"55709","947468818183",POINT (0 0),"2014-09-25 22:30:20"
188,"741 Ambattur Manor","",Noord-Brabant,438,"43310","302590383819",POINT (5.3041706 51.6991772),"2014-09-25 22:32:21"
189,"927 Barcelona Street","",Chaharmahal va Bakht,467,"65121","951486492670",POINT (0 0),"2014-09-25 22:31:38"
190,"435 0 Way","",West Bengali,195,"74750","760171523969",POINT (88.1097549 22.0604684),"2014-09-25 22:31:16"
191,"140 Chiayi Parkway","",Sumy,506,"38982","855863906434",POINT (34.8002989 50.9216315),"2014-09-25 22:33:34"
192,"1166 Changhwa Street","",Caraga,62,"58852","650752094490",POINT (125.7675248 8.7561117),"2014-09-25 22:32:34"
193,"891 Novi Sad Manor","",Ontario,383,"5379","247646995453",POINT (-78.8495705 43.9001243),"2014-09-25 22:30:28"
194,"605 Rio Claro Parkway","",Tabora,513,"49348","352469351088",POINT (32.8266393 -5.0162258),"2014-09-25 22:33:18"
195,"1077 San Felipe de Puerto Plata Place","",Rostov-na-Donu,369,"65387","812824036424",POINT (0 0),"2014-09-25 22:32:56"
196,"9 San Miguel de Tucumn Manor","",Uttar Pradesh,169,"90845","956188728558",POINT (78.4018032 27.1494196),"2014-09-25 22:31:15"
197,"447 Surakarta Loop","",Nyanza,271,"10428","940830176580",POINT (0 0),"2014-09-25 22:31:56"
198,"345 Oshawa Boulevard","",Tokyo-to,204,"32114","104491201771",POINT (139.4002884 35.6730684),"2014-09-25 22:31:45"
199,"1792 Valle de la Pascua Place","",Nordrhein-Westfalen,477,"15540","419419591240",POINT (8.0243129 50.8748198),"2014-09-25 22:31:06"
200,"1074 Binzhou Manor","",Baden-Wrttemberg,325,"36490","331132568928",POINT (0 0),"2014-09-25 22:31:05"
201,"817 Bradford Loop","",Jiangsu,109,"89459","264286442804",POINT (119.9540109 31.7735997),"2014-09-25 22:30:31"
202,"955 Bamenda Way","",Ondo & Ekiti,218,"1545","768481779568",POINT (0 0),"2014-09-25 22:32:24"
203,"1149 A Corua (La Corua) Boulevard","",Haiphong,194,"95824","470884141195",POINT (106.6834545 20.8648139),"2014-09-25 22:34:06"
204,"387 Mwene-Ditu Drive","",Ahal,35,"8073","764477681869",POINT (58.3833386 37.9575146),"2014-09-25 22:33:30"
205,"68 Molodetno Manor","",Nordrhein-Westfalen,575,"4662","146640639760",POINT (7.3525872 51.4436286),"2014-09-25 22:31:06"
206,"642 Nador Drive","",Maharashtra,77,"3924","369050085652",POINT (75.7817558 21.0465825),"2014-09-25 22:31:13"
207,"1688 Nador Lane","",Sulawesi Utara,184,"61613","652218196731",POINT (122.3166772 0.7726177),"2014-09-25 22:31:32"
208,"1215 Pyongyang Parkway","",Usak,557,"25238","646237101779",POINT (29.4058642 38.6735189),"2014-09-25 22:33:30"
209,"1679 Antofagasta Street","",Alto Paran,122,"86599","905903574913",POINT (0 0),"2014-09-25 22:32:32"
210,"1304 s-Hertogenbosch Way","",Santa Catarina,83,"10925","90336226227",POINT (-49.0661132 -26.9194492),"2014-09-25 22:30:16"
211,"850 Salala Loop","",Kitaa,371,"10800","403404780639",POINT (0 0),"2014-09-25 22:31:07"
212,"624 Oshawa Boulevard","",West Bengali,51,"89959","49677664184",POINT (88.7773227 25.2209978),"2014-09-25 22:31:11"
213,"43 Dadu Avenue","",Rajasthan,74,"4855","95666951770",POINT (74.6352311 25.3464477),"2014-09-25 22:31:12"
214,"751 Lima Loop","",Aden,7,"99405","756460337785",POINT (45.0366738 12.7794459),"2014-09-25 22:34:08"
215,"1333 Haldia Street","",Jilin,174,"82161","408304391718",POINT (124.8166714 45.1833321),"2014-09-25 22:30:33"
216,"660 Jedda Boulevard","",Washington,65,"25053","168758068397",POINT (-122.2006874 47.6103871),"2014-09-25 22:33:45"
217,"1001 Miyakonojo Lane","",Taizz,518,"67924","584316724815",POINT (44.0209143 13.5795289),"2014-09-25 22:34:11"
218,"226 Brest Manor","",California,508,"2299","785881412500",POINT (-122.0363565 37.3688354),"2014-09-25 22:34:02"
219,"1229 Valencia Parkway","",Haskovo,498,"99124","352679173732",POINT (0 0),"2014-09-25 22:30:24"
220,"1201 Qomsheh Manor","",Gois,28,"21464","873492228462",POINT (0 0),"2014-09-25 22:30:15"
221,"866 Shivapuri Manor","",Uttar Pradesh,448,"22474","778502731092",POINT (78.5668976 28.5832347),"2014-09-25 22:31:26"
222,"1168 Najafabad Parkway","",Kabol,251,"40301","886649065861",POINT (69.1723396 34.5281317),"2014-09-25 22:29:59"
223,"1244 Allappuzha (Alleppey) Place","",Buenos Aires,567,"20657","991802825778",POINT (0 0),"2014-09-25 22:30:08"
224,"1842 Luzinia Boulevard","",Zanzibar West,593,"94420","706878974831",POINT (39.1979342 -6.1639465),"2014-09-25 22:33:19"
225,"1926 Gingoog Street","",Sisilia,511,"22824","469738825391",POINT (15.2762835 37.0841577),"2014-09-25 22:31:44"
226,"810 Palghat (Palakkad) Boulevard","",Jaroslavl,235,"73431","516331171356",POINT (39.8736803 57.6298723),"2014-09-25 22:32:49"
227,"1820 Maring Parkway","",Punjab,324,"88307","99760893676",POINT (73.4843114 32.5833916),"2014-09-25 22:32:30"
228,"60 Poos de Caldas Street","",Rajasthan,243,"82338","963063788669",POINT (73.0059404 26.2684113),"2014-09-25 22:31:18"
229,"1014 Loja Manor","",Tamil Nadu,22,"66851","460795526514",POINT (80.1615253 13.0981817),"2014-09-25 22:31:10"
230,"201 Effon-Alaiye Way","",Asuncin,37,"64344","684192903087",POINT (0 0),"2014-09-25 22:32:31"
231,"430 Alessandria Loop","",Saarland,439,"47446","669828224459",POINT (0 0),"2014-09-25 22:31:06"
232,"754 Valencia Place","",Phnom Penh,406,"87911","594319417514",POINT (104.9160101 11.5624572),"2014-09-25 22:30:25"
233,"356 Olomouc Manor","",Gois,26,"93323","22326410776",POINT (0 0),"2014-09-25 22:30:15"
234,"1256 Bislig Boulevard","",Botosani,86,"50598","479007229460",POINT (26.6666762 47.7515488),"2014-09-25 22:32:46"
235,"954 Kimchon Place","",West Bengali,559,"42420","541327526474",POINT (0 0),"2014-09-25 22:31:28"
236,"885 Yingkou Manor","",Kaduna,596,"31390","588964509072",POINT (7.7227418 11.1112878),"2014-09-25 22:32:28"
237,"1736 Cavite Place","",Qina,216,"98775","431770603551",POINT (0 0),"2014-09-25 22:30:56"
238,"346 Skikda Parkway","",Hawalli,233,"90628","630424482919",POINT (0 0),"2014-09-25 22:31:57"
239,"98 Stara Zagora Boulevard","",Valle,96,"76448","610173756082",POINT (-77.0311671 3.8801538),"2014-09-25 22:30:51"
240,"1479 Rustenburg Boulevard","",Southern Tagalog,527,"18727","727785483194",POINT (0 0),"2014-09-25 22:32:40"
241,"647 A Corua (La Corua) Street","",Chollanam,357,"36971","792557457753",POINT (0 0),"2014-09-25 22:33:07"
242,"1964 Gijn Manor","",Karnataka,473,"14408","918119601885",POINT (75.5679104 13.9315793),"2014-09-25 22:31:26"
243,"47 Syktyvkar Lane","",West Java,118,"22236","63937119031",POINT (106.7586171 -6.6230602),"2014-09-25 22:31:31"
244,"1148 Saarbrcken Parkway","",Fukushima,226,"1921","137773001988",POINT (140.8833374 37.0547352),"2014-09-25 22:31:47"
245,"1103 Bilbays Parkway","",Hubei,578,"87660","279979529227",POINT (112.1447918 32.0422301),"2014-09-25 22:30:45"
246,"1246 Boksburg Parkway","",Hebei,422,"28349","890283544295",POINT (119.5883327 39.9316729),"2014-09-25 22:30:41"
247,"1483 Pathankot Street","",Tucumn,454,"37288","686015532180",POINT (0 0),"2014-09-25 22:30:06"
248,"582 Papeete Loop","",Central Visayas,294,"27722","569868543137",POINT (123.9494442 10.3102867),"2014-09-25 22:32:38"
249,"300 Junan Street","",Kyonggi,553,"81314","890289150158",POINT (0 0),"2014-09-25 22:33:08"
250,"829 Grand Prairie Way","",Paran,328,"6461","741070712873",POINT (0 0),"2014-09-25 22:30:20"
251,"1473 Changhwa Parkway","",Mxico,124,"75933","266798132374",POINT (0 0),"2014-09-25 22:32:03"
252,"1309 Weifang Street","",Florida,520,"57338","435785045362",POINT (-84.2807393 30.4382689),"2014-09-25 22:34:02"
253,"1760 Oshawa Manor","",Tianjin,535,"38140","56257502250",POINT (117.1766766 39.1422277),"2014-09-25 22:30:43"
254,"786 Stara Zagora Way","",Oyo & Osun,390,"98332","716256596301",POINT (3.9333328 7.8531924),"2014-09-25 22:32:27"
255,"1966 Tonghae Street","",Anhalt Sachsen,198,"36481","567359279425",POINT (125127014 51.5661974),"2014-09-25 22:31:05"
256,"1497 Yuzhou Drive","",England,312,"3433","246810237916",POINT (-0.1257486 51.5085304),"2014-09-25 22:33:37"
258,"752 Ondo Loop","",Miyazaki,338,"32474","134673576619",POINT (131.0666764 31.7333371),"2014-09-25 22:31:50"
259,"1338 Zalantun Lane","",Minas Gerais,413,"45403","840522972766",POINT (0 0),"2014-09-25 22:30:21"
260,"127 Iwakuni Boulevard","",Central Luzon,192,"20777","987442542471",POINT (120.7327195 14.8341331),"2014-09-25 22:32:37"
261,"51 Laredo Avenue","",Sagaing,342,"68146","884536620568",POINT (95.1358394 22.1085695),"2014-09-25 22:32:18"
262,"771 Yaound Manor","",Sofala,64,"86768","245477603573",POINT (34.8388913 -19.8436187),"2014-09-25 22:32:17"
263,"532 Toulon Street","",Santiago,460,"69517","46871694740",POINT (-70.6970306 19.4517425),"2014-09-25 22:30:55"
264,"1027 Banjul Place","",West Bengali,197,"50390","538241037443",POINT (88.4185932 22.9321815),"2014-09-25 22:31:16"
265,"1158 Mandi Bahauddin Parkway","",Shanxi,136,"98484","276555730211",POINT (113.2913974 40.0936132),"2014-09-25 22:30:32"
266,"862 Xintai Lane","",Cagayan Valley,548,"30065","265153400632",POINT (121.7269485 17.6130638),"2014-09-25 22:32:41"
267,"816 Cayenne Parkway","",Manab,414,"93629","282874611748",POINT (0 0),"2014-09-25 22:30:56"
268,"1831 Nam Dinh Loop","",National Capital Reg,323,"51990","322888976727",POINT (0 0),"2014-09-25 22:32:38"
269,"446 Kirovo-Tepetsk Lane","",Osaka,203,"19428","303967439816",POINT (135.6176571 34.6711229),"2014-09-25 22:31:45"
270,"682 Halisahar Place","",Severn Morava,378,"20536","475553436330",POINT (0 0),"2014-09-25 22:30:54"
271,"1587 Loja Manor","",Salzburg,447,"5410","621625204422",POINT (13.0439929 47.7994114),"2014-09-25 22:30:10"
272,"1762 Paarl Parkway","",Hunan,298,"53928","192459639410",POINT (111.4294489 27.6880608),"2014-09-25 22:30:39"
273,"1519 Ilorin Place","",Kerala,395,"49298","357445645426",POINT (76.6562581 10.7744394),"2014-09-25 22:31:21"
274,"920 Kumbakonam Loop","",California,446,"75090","685010736240",POINT (-121.6555701 36.6777408),"2014-09-25 22:34:00"
275,"906 Goinia Way","",Wielkopolskie,255,"83565","701767622697",POINT (18.0910245 51.7610909),"2014-09-25 22:32:42"
276,"1675 Xiangfan Manor","",Tamil Nadu,283,"11763","271149517630",POINT (79.3912412 10.9620955),"2014-09-25 22:31:20"
277,"85 San Felipe de Puerto Plata Drive","",Shandong,584,"46063","170739645687",POINT (121.4408172 37.4764973),"2014-09-25 22:30:48"
278,"144 South Hill Loop","",Guanajuato,445,"2012","45387294817",POINT (-101.1915495 20.5719604),"2014-09-25 22:32:11"
279,"1884 Shikarpur Avenue","",Haryana,263,"85548","959949395183",POINT (76.9883944 29.6900906),"2014-09-25 22:31:19"
280,"1980 Kamjanets-Podilskyi Street","",Illinois,404,"89502","874337098891",POINT (-89.5889971 40.6936559),"2014-09-25 22:33:57"
281,"1944 Bamenda Way","",Michigan,573,"24645","75975221996",POINT (-83.0277992 42.4775472),"2014-09-25 22:34:03"
282,"556 Baybay Manor","",Oyo & Osun,374,"55802","363982224739",POINT (4.2644189 8.1567516),"2014-09-25 22:32:25"
283,"457 Tongliao Loop","",Bursa,222,"56254","880756161823",POINT (0 0),"2014-09-25 22:33:25"
284,"600 Bradford Street","",East Azerbaidzan,514,"96204","117592274996",POINT (46.2919332 38.0829411),"2014-09-25 22:31:40"
285,"1006 Santa Brbara dOeste Manor","",Ondo & Ekiti,389,"36229","85059738746",POINT (5.5868183 7.1962061),"2014-09-25 22:32:26"
286,"1308 Sumy Loop","",Fujian,175,"30657","583021225407",POINT (119.3061118 26.0613964),"2014-09-25 22:30:34"
287,"1405 Chisinau Place","",Ponce,411,"8160","62781725285",POINT (-66.6140669 18.0110803),"2014-09-25 22:32:45"
288,"226 Halifax Street","",Xinxiang,277,"58492","790651020929",POINT (0 0),"2014-09-25 22:30:38"
289,"1279 Udine Parkway","",Edo & Delta,69,"75860","195003555232",POINT (5.6274942 6.3350511),"2014-09-25 22:32:23"
290,"1336 Benin City Drive","",Shiga,386,"46044","341242939532",POINT (135.8683324 35.0044473),"2014-09-25 22:31:53"
291,"1155 Liaocheng Place","",Oyo & Osun,152,"22650","558236142492",POINT (0 0),"2014-09-25 22:32:23"
292,"1993 Tabuk Lane","",Tamil Nadu,522,"64221","648482415405",POINT (80.1270701 12.9246028),"2014-09-25 22:31:27"
293,"86 Higashiosaka Lane","",Guanajuato,563,"33768","957128697225",POINT (-101.1891745 20.3932178),"2014-09-25 22:32:14"
294,"1912 Allende Manor","",Kowloon and New Kowl,279,"58124","172262454487",POINT (0 0),"2014-09-25 22:31:09"
295,"544 Tarsus Boulevard","",Gurico,562,"53145","892523334",POINT (0 0),"2014-09-25 22:34:05"
296,"1936 Cuman Avenue","",Virginia,433,"61195","976798660411",POINT (-79.9414311 37.2709788),"2014-09-25 22:33:58"
297,"1192 Tongliao Street","",Sharja,470,"19065","350970907017",POINT (55.4120655 25.3373777),"2014-09-25 22:33:35"
298,"44 Najafabad Way","",Baskimaa,146,"61391","96604821070",POINT (0 0),"2014-09-25 22:33:08"
299,"32 Pudukkottai Lane","",Ohio,140,"38834","967274728547",POINT (-84.1916155 39.7589524),"2014-09-25 22:33:49"
300,"661 Chisinau Lane","",Pietari,274,"8856","816436065431",POINT (0 0),"2014-09-25 22:32:51"
301,"951 Stara Zagora Manor","",Punjab,400,"98573","429925609431",POINT (76.4026681 30.3271521),"2014-09-25 22:31:22"
302,"922 Vila Velha Loop","",Maharashtra,9,"4085","510737228015",POINT (74.7384344 19.0945716),"2014-09-25 22:31:10"
303,"898 Jining Lane","",Pohjois-Pohjanmaa,387,"40070","161643343536",POINT (25.4681696 65.0123605),"2014-09-25 22:31:00"
304,"1635 Kuwana Boulevard","",Hiroshima,205,"52137","710603868323",POINT (132.4593736 34.3962703),"2014-09-25 22:31:46"
305,"41 El Alto Parkway","",Maharashtra,398,"56883","51917807050",POINT (76.7708194 19.2685546),"2014-09-25 22:31:22"
306,"1883 Maikop Lane","",Kaliningrad,254,"68469","96110042435",POINT (20.5109506 54.7064978),"2014-09-25 22:32:50"
307,"1908 Gaziantep Place","",Liaoning,536,"58979","108053751300",POINT (123.6058384 42.4130612),"2014-09-25 22:30:43"
308,"687 Alessandria Parkway","",Sanaa,455,"57587","407218522294",POINT (44.2066796 15.3547228),"2014-09-25 22:34:10"
309,"827 Yuncheng Drive","",Callao,99,"79047","504434452842",POINT (-77.1181422 -12.0565969),"2014-09-25 22:32:32"
310,"913 Coacalco de Berriozbal Loop","",Texas,33,"42141","262088367001",POINT (-97.1080797 32.7356954),"2014-09-25 22:33:43"
311,"715 So Bernardo do Campo Lane","",Kedah,507,"84804","181179321332",POINT (100.4877252 5.6471605),"2014-09-25 22:32:00"
312,"1354 Siegen Street","",Rio de Janeiro,25,"80184","573441801529",POINT (-44.3180635 -23.0066772),"2014-09-25 22:30:15"
313,"1191 Sungai Petani Boulevard","",Missouri,262,"9668","983259819766",POINT (-94.5785792 39.0997303),"2014-09-25 22:33:54"
314,"1224 Huejutla de Reyes Boulevard","",Lombardia,91,"70923","806016930576",POINT (10.2147236 45.5355809),"2014-09-25 22:31:43"
315,"543 Bergamo Avenue","",Minas Gerais,215,"59686","103602195112",POINT (0 0),"2014-09-25 22:30:18"
316,"746 Joliet Lane","",Kursk,286,"94878","688485191923",POINT (36.1873575 51.7373341),"2014-09-25 22:32:52"
317,"780 Kimberley Way","",Tabuk,515,"17032","824396883951",POINT (36.5715155 28.3998035),"2014-09-25 22:33:00"
318,"1774 Yaound Place","",Hubei,166,"91400","613124286867",POINT (114.7797975 30.4883229),"2014-09-25 22:30:33"
319,"1957 Yantai Lane","",So Paulo,490,"59255","704948322302",POINT (0 0),"2014-09-25 22:30:22"
320,"1542 Lubumbashi Boulevard","",Tel Aviv,57,"62472","508800331065",POINT (34.7518577 32.0237941),"2014-09-25 22:31:41"
321,"651 Pathankot Loop","",Maharashtra,336,"59811","139378397418",POINT (74.6466372 16.8241727),"2014-09-25 22:31:20"
322,"1359 Zhoushan Parkway","",Streymoyar,545,"29763","46568045367",POINT (0 0),"2014-09-25 22:30:59"
323,"1769 Iwaki Lane","",Kujawsko-Pomorskie,97,"25787","556100547674",POINT (18.0076296 53.1235938),"2014-09-25 22:32:41"
324,"1145 Vilnius Manor","",Mxico,451,"73170","674805712553",POINT (0 0),"2014-09-25 22:32:12"
325,"1892 Nabereznyje Telny Lane","",Tutuila,516,"28396","478229987054",POINT (0 0),"2014-09-25 22:30:02"
326,"470 Boksburg Street","",Central,81,"97960","908029859266",POINT (84.8773507 27.0104304),"2014-09-25 22:32:19"
327,"1427 A Corua (La Corua) Place","",Buenos Aires,45,"85799","972574862516",POINT (0 0),"2014-09-25 22:30:04"
328,"479 San Felipe del Progreso Avenue","",Morelos,130,"54949","869051782691",POINT (-98.9455577 18.8045961),"2014-09-25 22:32:04"
329,"867 Benin City Avenue","",Henan,591,"78543","168884817145",POINT (113.4638946 34.1627839),"2014-09-25 22:30:50"
330,"981 Kumbakonam Place","",Distrito Federal,89,"87611","829116184079",POINT (0 0),"2014-09-25 22:30:17"
331,"1016 Iwakuni Street","",St George,269,"49833","961370847344",POINT (-61.2247516 13.1587251),"2014-09-25 22:32:59"
332,"663 Baha Blanca Parkway","",Adana,5,"33463","834418779292",POINT (35.3288926 37.0016775),"2014-09-25 22:33:22"
333,"1860 Taguig Loop","",West Java,119,"59550","38158430589",POINT (107.5908393 -6.9611164),"2014-09-25 22:31:32"
334,"1816 Bydgoszcz Loop","",Dhaka,234,"64308","965273813662",POINT (89.9481296 24.9196508),"2014-09-25 22:30:12"
335,"587 Benguela Manor","",Illinois,42,"91590","165450987037",POINT (-88.3200762 41.7605836),"2014-09-25 22:33:44"
336,"430 Kumbakonam Drive","",Santa F,457,"28814","105470691550",POINT (-58.3772319 -34.6131591),"2014-09-25 22:30:07"
337,"1838 Tabriz Lane","",Dhaka,143,"1195","38988715447",POINT (90.4074439 23.7104078),"2014-09-25 22:30:12"
338,"431 Szkesfehrvr Avenue","",Baki,48,"57828","119501405123",POINT (49.8920185 40.3776798),"2014-09-25 22:30:11"
339,"503 Sogamoso Loop","",Sumqayit,505,"49812","834626715837",POINT (49.6686177 40.5897257),"2014-09-25 22:30:11"
340,"507 Smolensk Loop","",Sousse,492,"22971","80303246192",POINT (10.6369931 35.8253973),"2014-09-25 22:33:21"
341,"1920 Weifang Avenue","",Uttar Pradesh,427,"15643","869507847714",POINT (79.0289576 28.8090428),"2014-09-25 22:31:25"
342,"124 al-Manama Way","",Hiroshima,382,"52368","647899404952",POINT (133.2278006 34.4166734),"2014-09-25 22:31:52"
343,"1443 Mardan Street","",Western Cape,392,"31483","231383037471",POINT (18.9655278 -33.7046881),"2014-09-25 22:33:05"
344,"1909 Benguela Lane","",Henan,581,"19913","624138001031",POINT (113.8672267 35.3088968),"2014-09-25 22:30:47"
345,"68 Ponce Parkway","",Hanoi,201,"85926","870635127812",POINT (105.8411713 21.0245089),"2014-09-25 22:34:06"
346,"1217 Konotop Avenue","",Gelderland,151,"504","718917251754",POINT (5.6583352 52.0333321),"2014-09-25 22:32:20"
347,"1293 Nam Dinh Way","",Roraima,84,"71583","697656479977",POINT (-60.6733335 2.8197248),"2014-09-25 22:30:17"
348,"785 Vaduz Street","",Baja California,335,"36170","895616862749",POINT (-115.4544699 32.6278161),"2014-09-25 22:32:10"
349,"1516 Escobar Drive","",Tongatapu,370,"46069","64536069371",POINT (-175.2018383 -21.1393845),"2014-09-25 22:33:20"
350,"1628 Nagareyama Lane","",Central,453,"60079","20064292617",POINT (-57.5087974 -25.3396832),"2014-09-25 22:32:32"
351,"1157 Nyeri Loop","",Adygea,320,"56380","262744791493",POINT (40.1058391 44.6077807),"2014-09-25 22:32:55"
352,"1673 Tangail Drive","",Daugavpils,137,"26857","627924259271",POINT (26.5333303 55.8833321),"2014-09-25 22:31:57"
353,"381 Kabul Way","",Taipei,209,"87272","55477302294",POINT (0 0),"2014-09-25 22:33:15"
354,"953 Hodeida Street","",Southern Tagalog,221,"18841","53912826864",POINT (0 0),"2014-09-25 22:32:37"
355,"469 Nakhon Sawan Street","",Tuvassia,531,"58866","689199636560",POINT (0 0),"2014-09-25 22:32:58"
356,"1378 Beira Loop","",Krasnojarsk,597,"40792","840957664136",POINT (0 0),"2014-09-25 22:32:58"
357,"1641 Changhwa Place","",Nord-Ouest,52,"37636","256546485220",POINT (10.1459725 5.9597163),"2014-09-25 22:30:25"
358,"1698 Southport Loop","",Hidalgo,393,"49009","754358349853",POINT (-98.7332931 20.1169757),"2014-09-25 22:32:11"
359,"519 Nyeri Manor","",So Paulo,461,"37650","764680915323",POINT (0 0),"2014-09-25 22:30:21"
360,"619 Hunuco Avenue","",Shimane,331,"81508","142596392389",POINT (133.0505647 35.4722288),"2014-09-25 22:31:50"
361,"45 Aparecida de Goinia Place","",Madhya Pradesh,464,"7431","650496654258",POINT (80.8248472 24.5822532),"2014-09-25 22:31:26"
362,"482 Kowloon and New Kowloon Manor","",Bratislava,90,"97056","738968474939",POINT (17.1067496 48.1481638),"2014-09-25 22:33:02"
363,"604 Bern Place","",Jharkhand,429,"5373","620719383725",POINT (85.3385674 23.3477771),"2014-09-25 22:31:25"
364,"1623 Kingstown Drive","",Buenos Aires,20,"91299","296394569728",POINT (-58.3333333 -34.8333375),"2014-09-25 22:30:04"
365,"1009 Zanzibar Lane","",Arecibo,32,"64875","102396298916",POINT (-66.7157391 18.4724507),"2014-09-25 22:32:45"
366,"114 Jalib al-Shuyukh Manor","",Centre,585,"60440","845378657301",POINT (0 0),"2014-09-25 22:30:25"
367,"1163 London Parkway","",Par,66,"6066","675120358494",POINT (0 0),"2014-09-25 22:30:16"
368,"1658 Jastrzebie-Zdrj Loop","",Central,372,"96584","568367775448",POINT (37.8734742 -0.0993589),"2014-09-25 22:31:56"
369,"817 Laredo Avenue","",Jalisco,188,"77449","151249681135",POINT (-103.3918271 20.6668204),"2014-09-25 22:32:06"
370,"1565 Tangail Manor","",Okinawa,377,"45750","634445428822",POINT (126.6687194 25.7722563),"2014-09-25 22:31:52"
371,"1912 Emeishan Drive","",Balikesir,50,"33050","99883471275",POINT (27.8861139 39.6491766),"2014-09-25 22:33:22"
372,"230 Urawa Drive","",Andhra Pradesh,8,"2738","166898395731",POINT (77.2753617 15.6250982),"2014-09-25 22:31:09"
373,"1922 Miraj Way","",Esfahan,356,"13203","320471479776",POINT (51.3668958 32.6344247),"2014-09-25 22:31:37"
374,"433 Florencia Street","",Chihuahua,250,"91330","561729882725",POINT (0 0),"2014-09-25 22:32:08"
375,"1049 Matamoros Parkway","",Karnataka,191,"69640","960505250340",POINT (76.8378775 17.3376375),"2014-09-25 22:31:16"
376,"1061 Ede Avenue","",Southern Tagalog,98,"57810","333390595558",POINT (0 0),"2014-09-25 22:32:35"
377,"154 Oshawa Manor","",East Java,415,"72771","440365973660",POINT (113.2159708 -7.7543494),"2014-09-25 22:31:34"
378,"1191 Tandil Drive","",Southern Tagalog,523,"6362","45554316010",POINT (0 0),"2014-09-25 22:32:40"
379,"1133 Rizhao Avenue","",Pernambuco,572,"2800","600264533987",POINT (0 0),"2014-09-25 22:30:23"
380,"1519 Santiago de los Caballeros Loop","",East Kasai,348,"22025","409315295763",POINT (0 0),"2014-09-25 22:30:53"
381,"1618 Olomouc Manor","",Kurgan,285,"26385","96846695220",POINT (65.3333338 55.4523109),"2014-09-25 22:32:51"
382,"220 Hidalgo Drive","",Kermanshah,265,"45298","342720754566",POINT (47.0656814 34.3141741),"2014-09-25 22:31:37"
383,"686 Donostia-San Sebastin Lane","",Guangdong,471,"97390","71857599858",POINT (114.0683656 22.5455493),"2014-09-25 22:30:42"
384,"97 Mogiljov Lane","",Gujarat,73,"89294","924815207181",POINT (72.1525264 21.7744509),"2014-09-25 22:31:11"
385,"1642 Charlotte Amalie Drive","",Slaskie,549,"75442","821476736117",POINT (18.9664179 50.1371796),"2014-09-25 22:32:44"
386,"1368 Maracabo Boulevard","","",493,"32716","934352415130",POINT (-63.0833345 18.1833393),"2014-09-25 22:30:03"
387,"401 Sucre Boulevard","",New Hampshire,322,"25007","486395999608",POINT (-71.4547917 42.9956463),"2014-09-25 22:33:56"
388,"368 Hunuco Boulevard","",Namibe,360,"17165","106439158941",POINT (12.1522211 -15.1961143),"2014-09-25 22:30:03"
389,"500 Lincoln Parkway","",Jiangsu,210,"95509","550306965159",POINT (119.0191752 33.5886108),"2014-09-25 22:30:35"
390,"102 Chapra Drive","",Ibaragi,521,"14073","776031833752",POINT (0 0),"2014-09-25 22:31:54"
391,"1793 Meixian Place","",Hmelnytskyi,258,"33535","619966287415",POINT (0 0),"2014-09-25 22:33:31"
392,"514 Ife Way","",Shaba,315,"69973","900235712074",POINT (0 0),"2014-09-25 22:30:53"
393,"717 Changzhou Lane","",Southern Tagalog,104,"21615","426255288071",POINT (0 0),"2014-09-25 22:32:36"
394,"753 Ilorin Avenue","",Sichuan,157,"3656","464511145118",POINT (103.3875589 29.5326767),"2014-09-25 22:30:32"
395,"1337 Mit Ghamr Avenue","",Nakhon Sawan,358,"29810","175283210378",POINT (100.1371733 15.7047282),"2014-09-25 22:33:19"
396,"767 Pyongyang Drive","",Osaka,229,"83536","667736124769",POINT (135.3368299 34.3739822),"2014-09-25 22:31:48"
397,"614 Pak Kret Street","",Addis Abeba,6,"27796","47808359842",POINT (38.7468953 9.0249786),"2014-09-25 22:30:59"
398,"954 Lapu-Lapu Way","",Moskova,278,"8816","737229003916",POINT (0 0),"2014-09-25 22:32:51"
399,"331 Bydgoszcz Parkway","",Asturia,181,"966","537374465982",POINT (0 0),"2014-09-25 22:33:09"
400,"1152 Citrus Heights Manor","",al-Qadarif,15,"5239","765957414528",POINT (35.3834416 14.0349313),"2014-09-25 22:33:11"
401,"168 Cianjur Manor","",Saitama,228,"73824","679095087143",POINT (139.6850291 35.9522535),"2014-09-25 22:31:48"
402,"616 Hagonoy Avenue","",Krasnojarsk,39,"46043","604177838256",POINT (0 0),"2014-09-25 22:32:47"
403,"1190 0 Place","",Rio Grande do Sul,44,"10417","841876514789",POINT (-54.1069424 -31.3313942),"2014-09-25 22:30:16"
404,"734 Bchar Place","",Punjab,375,"30586","280578750435",POINT (73.4458345 30.8080619),"2014-09-25 22:32:31"
405,"530 Lausanne Lane","",Texas,135,"11067","775235029633",POINT (-96.8066733 32.7830646),"2014-09-25 22:33:49"
406,"454 Patiala Lane","",Fukushima,276,"13496","794553031307",POINT (140.3833343 37.4679281),"2014-09-25 22:31:49"
407,"1346 Mysore Drive","",Bretagne,92,"61507","516647474029",POINT (-4.4833319 48.4979204),"2014-09-25 22:31:00"
408,"990 Etawah Loop","",Tamil Nadu,564,"79940","206169448769",POINT (76.9511624 10.3269123),"2014-09-25 22:31:29"
409,"1266 Laredo Parkway","",Saitama,380,"7664","1483365694",POINT (139.6241343 35.9066539),"2014-09-25 22:31:52"
410,"88 Nagaon Manor","",Buenos Aires,524,"86868","779461480495",POINT (-59.1331661 -37.3216706),"2014-09-25 22:30:07"
411,"264 Bhimavaram Manor","",St Thomas,111,"54749","302526949177",POINT (0 0),"2014-09-25 22:34:08"
412,"1639 Saarbrcken Drive","",North West,437,"9827","328494873422",POINT (27.2420868 -25.6675623),"2014-09-25 22:33:05"
413,"692 Amroha Drive","",Northern,230,"35575","359478883004",POINT (80.0074283 9.6684518),"2014-09-25 22:33:10"
414,"1936 Lapu-Lapu Parkway","",Bauchi & Gombe,141,"7122","653436985797",POINT (0 0),"2014-09-25 22:32:23"
415,"432 Garden Grove Street","",Ontario,430,"65630","615964523510",POINT (-79.4372524 43.8711166),"2014-09-25 22:30:28"
416,"1445 Carmen Parkway","",West Java,117,"70809","598912394463",POINT (107.0830663 -6.7725909),"2014-09-25 22:31:30"
417,"791 Salinas Street","",Punjab,208,"40509","129953030512",POINT (75.9079937 31.5323868),"2014-09-25 22:31:17"
418,"126 Acua Parkway","",West Bengali,71,"58888","480039662421",POINT (88.2515586 24.1047388),"2014-09-25 22:31:11"
419,"397 Sunnyvale Avenue","",Guanajuato,19,"55566","680851640676",POINT (-100.7438977 20.9152845),"2014-09-25 22:32:01"
420,"992 Klerksdorp Loop","",Utrecht,23,"33711","855290087237",POINT (5.3875453 52.1550813),"2014-09-25 22:32:19"
421,"966 Arecibo Loop","",Sind,134,"94018","15273765306",POINT (67.7763138 26.7328704),"2014-09-25 22:32:30"
422,"289 Santo Andr Manor","",al-Sharqiya,16,"72410","214976066017",POINT (0 0),"2014-09-25 22:32:59"
423,"437 Chungho Drive","",Puerto Plata,450,"59489","491271355190",POINT (-70.6884507 19.7934458),"2014-09-25 22:30:55"
424,"1948 Bayugan Parkway","",Bihar,264,"60622","987306329957",POINT (87.5704408 25.5385267),"2014-09-25 22:31:19"
425,"1866 al-Qatif Avenue","",California,155,"89420","546793516940",POINT (-118.0275737 34.0686238),"2014-09-25 22:33:50"
426,"1661 Abha Drive","",Tamil Nadu,416,"14400","270456873752",POINT (78.8214191 10.3812871),"2014-09-25 22:31:23"
427,"1557 Cape Coral Parkway","",Hubei,293,"46875","368284120423",POINT (111.6677871 32.3858334),"2014-09-25 22:30:38"
428,"1727 Matamoros Place","",Sawhaj,465,"78813","129673677866",POINT (31.6947808 26.5569546),"2014-09-25 22:30:57"
429,"1269 Botosani Manor","",Guangdong,468,"47394","736517327853",POINT (115.3475866 22.7819959),"2014-09-25 22:30:42"
430,"355 Vitria de Santo Anto Way","",Oaxaca,452,"81758","548003849552",POINT (-96.1253502 18.0883465),"2014-09-25 22:32:13"
431,"1596 Acua Parkway","",Jharkhand,418,"70425","157133457169",POINT (0 0),"2014-09-25 22:31:24"
432,"259 Ipoh Drive","",So Paulo,189,"64964","419009857119",POINT (0 0),"2014-09-25 22:30:18"
433,"1823 Hoshiarpur Lane","",Komi,510,"33191","307133768620",POINT (50.8099404 61.6764246),"2014-09-25 22:32:57"
434,"1404 Taguig Drive","",Okayama,547,"87212","572068624538",POINT (133.9988561 35.0521549),"2014-09-25 22:31:54"
435,"740 Udaipur Lane","",Nizni Novgorod,150,"33505","497288595103",POINT (0 0),"2014-09-25 22:32:47"
436,"287 Cuautla Boulevard","",Chuquisaca,501,"72736","82619513349",POINT (-65.2627454 -19.0333211),"2014-09-25 22:30:14"
437,"1766 Almirante Brown Street","",KwaZulu-Natal,364,"63104","617567598243",POINT (29.9318991 -27.7579638),"2014-09-25 22:33:04"
438,"596 Huixquilucan Place","",Nampula,351,"65892","342709348083",POINT (0 0),"2014-09-25 22:32:17"
439,"1351 Aparecida de Goinia Parkway","",Northern Mindanao,391,"41775","959834530529",POINT (123.8333385 8.1559817),"2014-09-25 22:32:38"
440,"722 Bradford Lane","",Shandong,249,"90920","746251338300",POINT (118.8288902 35.1711181),"2014-09-25 22:30:37"
441,"983 Santa F Way","",British Colombia,565,"47472","145720452260",POINT (-123.1193449 49.2496694),"2014-09-25 22:30:28"
442,"1245 Ibirit Way","",La Romana,290,"40926","331888642162",POINT (-68.9728505 18.4273397),"2014-09-25 22:30:54"
443,"1836 Korla Parkway","",Copperbelt,272,"55405","689681677428",POINT (28.2132382 -12.8024325),"2014-09-25 22:34:11"
444,"231 Kaliningrad Place","",Lombardia,70,"57833","575081026569",POINT (9.6672105 45.6960161),"2014-09-25 22:31:42"
445,"495 Bhimavaram Lane","",Maharashtra,144,"3","82088937724",POINT (74.7773508 20.9025165),"2014-09-25 22:31:15"
446,"1924 Shimonoseki Drive","",Batna,59,"52625","406784385440",POINT (6.1741493 35.5559713),"2014-09-25 22:29:59"
447,"105 Dzerzinsk Manor","",Inner Mongolia,540,"48570","240776414296",POINT (122.2652882 43.6125443),"2014-09-25 22:30:44"
448,"614 Denizli Parkway","",Rio Grande do Sul,486,"29444","876491807547",POINT (0 0),"2014-09-25 22:30:22"
449,"1289 Belm Boulevard","",Tartumaa,530,"88306","237368926031",POINT (26.7250976 58.3806266),"2014-09-25 22:30:58"
450,"203 Tambaram Street","",Buenos Aires,161,"73942","411549550611",POINT (-58.7550405 -34.3333355),"2014-09-25 22:30:05"
451,"1704 Tambaram Manor","",West Bengali,554,"2834","39463554936",POINT (88.0989894 22.4756422),"2014-09-25 22:31:28"
452,"207 Cuernavaca Loop","",Tatarstan,352,"52671","782900030287",POINT (0 0),"2014-09-25 22:32:55"
453,"319 Springs Loop","",Baijeri,160,"99552","72524459905",POINT (11.0078372 49.5909984),"2014-09-25 22:31:05"
454,"956 Nam Dinh Manor","",Kerman,481,"21872","474047727727",POINT (55.6809634 29.4513771),"2014-09-25 22:31:39"
455,"1947 Paarl Way","",Central Java,509,"23636","834061016202",POINT (110.8316759 -7.5561124),"2014-09-25 22:31:35"
456,"814 Simferopol Loop","",Sinaloa,154,"48745","524567129902",POINT (-108.7493103 26.1917411),"2014-09-25 22:32:05"
457,"535 Ahmadnagar Manor","",Abu Dhabi,3,"41136","985109775584",POINT (54.3666737 24.4666776),"2014-09-25 22:33:34"
458,"138 Caracas Boulevard","",Zulia,326,"16790","974433019532",POINT (0 0),"2014-09-25 22:34:04"
459,"251 Florencia Drive","",Michoacn de Ocampo,556,"16119","118011831565",POINT (0 0),"2014-09-25 22:32:13"
460,"659 Gatineau Boulevard","",La Paz,153,"28587","205524798287",POINT (-68.1833381 -16.4833304),"2014-09-25 22:30:13"
461,"1889 Valparai Way","",Ziguinchor,600,"75559","670370974122",POINT (-16.2719429 12.5833364),"2014-09-25 22:33:01"
462,"1485 Bratislava Place","",Illinois,435,"83183","924663855568",POINT (-89.0945901 42.2711396),"2014-09-25 22:33:59"
463,"935 Aden Boulevard","",Central Java,532,"64709","335052544020",POINT (109.1402792 -6.8694969),"2014-09-25 22:31:35"
464,"76 Kermanshah Manor","",Esfahan,423,"23343","762361821578",POINT (51.8668877 32.0089105),"2014-09-25 22:31:37"
465,"734 Tanshui Avenue","",Caquet,170,"70664","366776723320",POINT (0 0),"2014-09-25 22:30:52"
466,"118 Jaffna Loop","",Northern Mindanao,182,"10447","325526730021",POINT (125.1166743 8.8333397),"2014-09-25 22:32:36"
467,"1621 Tongliao Avenue","",Irkutsk,558,"22173","209342540247",POINT (103.6452848 52.7519467),"2014-09-25 22:32:58"
468,"1844 Usak Avenue","",Nova Scotia,196,"84461","164414772677",POINT (-63.5723905 44.6453389),"2014-09-25 22:30:27"
469,"1872 Toulon Loop","",OHiggins,428,"7939","928809465153",POINT (0 0),"2014-09-25 22:30:30"
470,"1088 Ibirit Place","",Jalisco,595,"88502","49084281333",POINT (-103.3847998 20.7235691),"2014-09-25 22:32:15"
471,"1322 Mosul Parkway","",Shandong,145,"95400","268053970382",POINT (118.4916571 37.4627174),"2014-09-25 22:30:32"
472,"1447 Chatsworth Place","",Chihuahua,129,"41545","769370126331",POINT (0 0),"2014-09-25 22:32:04"
473,"1257 Guadalajara Street","",Karnataka,78,"33599","195337700615",POINT (75.7153712 16.8244248),"2014-09-25 22:31:14"
474,"1469 Plock Lane","",Galicia,388,"95835","622884741180",POINT (-7.8640742 42.3366955),"2014-09-25 22:33:09"
475,"434 Ourense (Orense) Manor","",Hodeida,206,"14122","562370137426",POINT (42.9545201 14.7978152),"2014-09-25 22:34:10"
476,"270 Tambaram Parkway","",Gauteng,244,"9668","248446668735",POINT (28.0436389 -26.2022763),"2014-09-25 22:33:03"
477,"1786 Salinas Place","",Nam Ha,359,"66546","206060652238",POINT (105.9713198 20.5529795),"2014-09-25 22:34:07"
478,"1078 Stara Zagora Drive","",Aceh,301,"69221","932992626595",POINT (97.1507436 5.1801172),"2014-09-25 22:31:33"
479,"1854 Okara Boulevard","",Drenthe,158,"42123","131912793873",POINT (6.9069415 52.7791718),"2014-09-25 22:32:21"
480,"421 Yaound Street","",Sumy,385,"11363","726875628268",POINT (0 0),"2014-09-25 22:33:33"
481,"1153 Allende Way","",Qubec,179,"20336","856872225376",POINT (0 0),"2014-09-25 22:30:26"
482,"808 Naala-Porto Parkway","",England,500,"41060","553452430707",POINT (-2.1576169 53.4097913),"2014-09-25 22:33:41"
483,"632 Usolje-Sibirskoje Parkway","",Ha Darom,36,"73085","667648979883",POINT (0 0),"2014-09-25 22:31:41"
484,"98 Pyongyang Boulevard","",Ohio,11,"88749","191958435142",POINT (-81.5190107 41.0814413),"2014-09-25 22:33:42"
485,"984 Novoterkassk Loop","",Gaziantep,180,"28165","435118527255",POINT (37.3825106 37.0594402),"2014-09-25 22:33:25"
486,"64 Korla Street","",Mwanza,347,"25145","510383179153",POINT (32.9676702 -2.5166733),"2014-09-25 22:33:17"
487,"1785 So Bernardo do Campo Street","",Veracruz,125,"71182","684529463244",POINT (-94.4424279 18.1334662),"2014-09-25 22:32:04"
488,"698 Jelets Boulevard","",Denizli,142,"2596","975185523021",POINT (29.0875335 37.7741774),"2014-09-25 22:33:24"
489,"1297 Alvorada Parkway","",Ningxia,587,"11839","508348602835",POINT (106.2730691 38.4680603),"2014-09-25 22:30:49"
490,"1909 Dayton Avenue","",Guangdong,469,"88513","702955450528",POINT (113.5833382 24.8921893),"2014-09-25 22:30:42"
491,"1789 Saint-Denis Parkway","",Coahuila de Zaragoza,4,"8268","936806643983",POINT (0 0),"2014-09-25 22:32:01"
492,"185 Mannheim Lane","",Stavropol,408,"23661","589377568313",POINT (43.0594427 44.0486119),"2014-09-25 22:32:56"
493,"184 Mandaluyong Street","",Baja California Sur,288,"94239","488425406814",POINT (-110.3097351 24.1381188),"2014-09-25 22:32:09"
494,"591 Sungai Petani Drive","",Okayama,376,"46400","37247325001",POINT (133.9350327 34.6616774),"2014-09-25 22:31:51"
495,"656 Matamoros Drive","",Boyac,487,"19489","17305839123",POINT (0 0),"2014-09-25 22:30:53"
496,"775 ostka Drive","",al-Daqahliya,337,"22358","171973024401",POINT (31.2589957 30.7145954),"2014-09-25 22:30:57"
497,"1013 Tabuk Boulevard","",West Bengali,261,"96203","158399646978",POINT (88.4284972 22.9599825),"2014-09-25 22:31:19"
498,"319 Plock Parkway","",Istanbul,504,"26101","854259976812",POINT (29.2706722 40.9607239),"2014-09-25 22:33:28"
499,"1954 Kowloon and New Kowloon Way","",Chimborazo,434,"63667","898559280434",POINT (0 0),"2014-09-25 22:30:56"
500,"362 Rajkot Lane","",Gansu,47,"98030","962020153680",POINT (104.1702318 36.5469698),"2014-09-25 22:30:31"
501,"1060 Tandil Lane","",Shandong,432,"72349","211256301880",POINT (119.4552851 35.4275658),"2014-09-25 22:30:41"
502,"1515 Korla Way","",England,589,"57197","959467760895",POINT (-1.0827111 53.9576345),"2014-09-25 22:33:42"
503,"1416 San Juan Bautista Tuxtepec Avenue","",Zufar,444,"50592","144206758053",POINT (54.0923796 17.0150586),"2014-09-25 22:32:29"
504,"1 Valle de Santiago Avenue","",Apulia,93,"86208","465897838272",POINT (17.9360783 40.6321519),"2014-09-25 22:31:43"
505,"519 Brescia Parkway","",East Java,318,"69504","793996678771",POINT (111.5239078 -7.6298531),"2014-09-25 22:31:33"
506,"414 Mandaluyong Street","",Lubelskie,314,"16370","52709222667",POINT (22.5666769 51.2559205),"2014-09-25 22:32:43"
507,"1197 Sokoto Boulevard","",West Bengali,478,"87687","868602816371",POINT (88.4285155 26.7100489),"2014-09-25 22:31:27"
508,"496 Celaya Drive","",Nagano,552,"90797","759586584889",POINT (138.2816187 36.4026557),"2014-09-25 22:31:54"
509,"786 Matsue Way","",Illinois,245,"37469","111177206479",POINT (-88.0834631 41.5251914),"2014-09-25 22:33:54"
510,"48 Maracabo Place","",Central Luzon,519,"1570","82671830126",POINT (120.9192945 15.5883603),"2014-09-25 22:32:39"
511,"1152 al-Qatif Lane","",Kalimantan Barat,412,"44816","131370665218",POINT (109.3219947 -0.0310935),"2014-09-25 22:31:34"
512,"1269 Ipoh Avenue","",Eskisehir,163,"54674","402630109080",POINT (30.5205685 39.7766793),"2014-09-25 22:33:24"
513,"758 Korolev Parkway","",Andhra Pradesh,568,"75474","441628280920",POINT (80.6304914 16.5192844),"2014-09-25 22:31:29"
514,"1747 Rustenburg Place","",Bihar,110,"51369","442673923363",POINT (84.7308906 25.7814406),"2014-09-25 22:31:14"
515,"886 Tonghae Place","",Volgograd,259,"19450","711928348157",POINT (0 0),"2014-09-25 22:32:50"
516,"1574 Goinia Boulevard","",Heilongjiang,502,"39529","59634255214",POINT (126.9950837 46.6395441),"2014-09-25 22:30:43"
517,"548 Uruapan Street","",Ontario,312,"35653","879347453467",POINT (0 0),"2014-09-25 22:33:38"
519,"962 Tama Loop","","",583,"65952","282667506728",POINT (166.9104802 -0.5353641),"2014-09-25 22:32:19"
520,"1778 Gijn Manor","",Hubei,594,"35156","288910576761",POINT (112.7541772 32.1272296),"2014-09-25 22:30:50"
521,"568 Dhule (Dhulia) Loop","",Coquimbo,127,"92568","602101369463",POINT (-719213205 -30.7540619),"2014-09-25 22:30:30"
522,"1768 Udine Loop","",Battambang,60,"32347","448876499197",POINT (103.1982286 13.1027132),"2014-09-25 22:30:24"
523,"608 Birgunj Parkway","",Taipei,116,"400","627425618482",POINT (0 0),"2014-09-25 22:33:14"
524,"680 A Corua (La Corua) Manor","",Sivas,482,"49806","158326114853",POINT (37.0161184 39.7483357),"2014-09-25 22:33:28"
525,"1949 Sanya Street","",Gumma,224,"61244","132100972047",POINT (139.2820607 36.3166712),"2014-09-25 22:31:47"
526,"617 Klerksdorp Place","",Khanh Hoa,366,"94707","574973479129",POINT (109.1943229 12.2450777),"2014-09-25 22:34:07"
527,"1993 0 Loop","",Liaoning,588,"41214","25865528181",POINT (122.2283366 40.6648207),"2014-09-25 22:30:49"
528,"1176 Southend-on-Sea Manor","",Southern Tagalog,458,"81651","236679267178",POINT (0 0),"2014-09-25 22:32:39"
529,"600 Purnea (Purnia) Avenue","",Nghe An,571,"18043","638409958875",POINT (105.6923295 18.6733755),"2014-09-25 22:34:07"
530,"1003 Qinhuangdao Street","",West Java,419,"25972","35533115997",POINT (107.4433377 -6.5569419),"2014-09-25 22:31:35"
531,"1986 Sivas Place","",Friuli-Venezia Giuli,551,"95775","182059202712",POINT (0 0),"2014-09-25 22:31:44"
532,"1427 Tabuk Place","",Florida,101,"31342","214756839122",POINT (-81.9495397 26.5628558),"2014-09-25 22:33:47"
533,"556 Asuncin Way","",Mogiljov,339,"35364","338244023543",POINT (30.3449906 53.9168017),"2014-09-25 22:30:13"
534,"486 Ondo Parkway","",Benguela,67,"35202","105882218332",POINT (13.4054777 -12.5762601),"2014-09-25 22:30:02"
535,"635 Brest Manor","",Andhra Pradesh,75,"40899","80593242951",POINT (81.5232261 16.5407813),"2014-09-25 22:31:13"
536,"166 Jinchang Street","",Buenos Aires,165,"86760","717566026669",POINT (-58.5247236 -34.8541788),"2014-09-25 22:30:05"
537,"958 Sagamihara Lane","",Mie,287,"88408","427274926505",POINT (136.7414816 35.0656572),"2014-09-25 22:31:50"
538,"1817 Livorno Way","",Khanh Hoa,100,"79401","478380208348",POINT (109.1591345 11.9214404),"2014-09-25 22:34:05"
539,"1332 Gaziantep Lane","",Shandong,80,"22813","383353187467",POINT (118.0166724 37.3666714),"2014-09-25 22:30:31"
540,"949 Allende Lane","",Uttar Pradesh,24,"67521","122981120653",POINT (78.4698424 28.9031416),"2014-09-25 22:31:11"
541,"195 Ilorin Street","",Chari-Baguirmi,363,"49250","8912935608",POINT (0 0),"2014-09-25 22:30:29"
542,"193 Bhusawal Place","",Kang-won,539,"9750","745267607502",POINT (0 0),"2014-09-25 22:33:07"
543,"43 Vilnius Manor","",Colorado,42,"79814","484500282381",POINT (-104.8319273 39.7294392),"2014-09-25 22:33:44"
544,"183 Haiphong Street","",Jilin,46,"69953","488600270038",POINT (122.8207694 45.6074696),"2014-09-25 22:30:30"
545,"163 Augusta-Richmond County Loop","",Carabobo,561,"33030","754579047924",POINT (-68.0076535 10.1620215),"2014-09-25 22:34:05"
546,"191 Jos Azueta Parkway","",Ruse,436,"13629","932156667696",POINT (25.9708396 43.8563983),"2014-09-25 22:30:23"
547,"379 Lublin Parkway","",Toscana,309,"74568","921960450089",POINT (10.3261593 43.5442712),"2014-09-25 22:31:44"
548,"1658 Cuman Loop","",Sumatera Selatan,396,"51309","784907335610",POINT (106.1392227 -2.1631982),"2014-09-25 22:31:34"
549,"454 Qinhuangdao Drive","",Tadla-Azilal,68,"25866","786270036240",POINT (-6.3498381 32.3372501),"2014-09-25 22:32:16"
550,"1715 Okayama Street","",So Paulo,485,"55676","169352919175",POINT (0 0),"2014-09-25 22:30:22"
551,"182 Nukualofa Drive","",Sumy,275,"15414","426346224043",POINT (33.2026378 51.2403234),"2014-09-25 22:33:32"
552,"390 Wroclaw Way","",Hainan,462,"5753","357593328658",POINT (109.5053434 18.2430649),"2014-09-25 22:30:41"
553,"1421 Quilmes Lane","",Ishikawa,260,"19151","135407755975",POINT (136.6255661 36.5944575),"2014-09-25 22:31:49"
554,"947 Trshavn Place","",Central Luzon,528,"841","50898428626",POINT (120.5979478 15.4801751),"2014-09-25 22:32:40"
555,"1764 Jalib al-Shuyukh Parkway","",Galicia,459,"77642","84794532510",POINT (-8.5456978 42.8805224),"2014-09-25 22:33:10"
556,"346 Cam Ranh Avenue","",Zhejiang,599,"39976","978430786151",POINT (122.2046507 30.0107523),"2014-09-25 22:30:51"
557,"1407 Pachuca de Soto Place","",Rio Grande do Sul,21,"26284","380077794770",POINT (-51.0371785 -29.9889766),"2014-09-25 22:30:14"
558,"904 Clarksville Drive","",Zhejiang,193,"52234","955349440539",POINT (120.6715344 30.4784468),"2014-09-25 22:30:34"
559,"1917 Kumbakonam Parkway","",Vojvodina,368,"11892","698182547686",POINT (0 0),"2014-09-25 22:34:11"
560,"1447 Imus Place","",Gujarat,426,"12905","62127829280",POINT (70.7932213 22.2916123),"2014-09-25 22:31:25"
561,"1497 Fengshan Drive","",KwaZulu-Natal,112,"63022","368738360376",POINT (30.8917545 -29.9186652),"2014-09-25 22:33:03"
562,"869 Shikarpur Way","",England,496,"57380","590764256785",POINT (-3.0064812 53.6477943),"2014-09-25 22:33:40"
563,"1059 Yuncheng Avenue","",Vilna,570,"47498","107092893983",POINT (25.2798673 54.6891639),"2014-09-25 22:31:58"
564,"505 Madiun Boulevard","",Dolnoslaskie,577,"97271","970638808606",POINT (17.0333344 51.1381537),"2014-09-25 22:32:44"
565,"1741 Hoshiarpur Boulevard","",al-Sharqiya,79,"22372","855066328617",POINT (0 0),"2014-09-25 22:30:56"
566,"1229 Varanasi (Benares) Manor","",Buenos Aires,43,"40195","817740355461",POINT (-58.3333322 -34.6666718),"2014-09-25 22:30:04"
567,"1894 Boa Vista Way","",Texas,178,"77464","239357986667",POINT (-96.6388889 32.9126221),"2014-09-25 22:33:51"
568,"1342 Sharja Way","",Sokoto & Kebbi & Zam,488,"93655","946114054231",POINT (5.2390225 13.0609242),"2014-09-25 22:32:27"
569,"1342 Abha Boulevard","",Bukarest,95,"10714","997453607116",POINT (26.1062619 44.4322532),"2014-09-25 22:32:46"
570,"415 Pune Avenue","",Shandong,580,"44274","203202500108",POINT (117.7519451 35.9005687),"2014-09-25 22:30:47"
571,"1746 Faaa Way","",Huanuco,214,"32515","863080561151",POINT (0 0),"2014-09-25 22:32:33"
572,"539 Hami Way","",Tokat,538,"52196","525518075499",POINT (36.5544466 40.3138923),"2014-09-25 22:33:29"
573,"1407 Surakarta Manor","",Moskova,466,"33224","324346485054",POINT (0 0),"2014-09-25 22:32:56"
574,"502 Mandi Bahauddin Parkway","",Anzotegui,55,"15992","618156722572",POINT (0 0),"2014-09-25 22:34:03"
575,"1052 Pathankot Avenue","",Sichuan,299,"77397","128499386727",POINT (103.7638641 29.5622781),"2014-09-25 22:30:39"
576,"1351 Sousse Lane","",Coahuila de Zaragoza,341,"37815","203804046132",POINT (-101.4205638 26.9068718),"2014-09-25 22:32:10"
577,"1501 Pangkal Pinang Avenue","",Mazowieckie,409,"943","770864062795",POINT (19.7063884 52.5468267),"2014-09-25 22:32:43"
578,"1405 Hagonoy Avenue","",Slaskie,133,"86587","867287719310",POINT (19.1240921 50.7964658),"2014-09-25 22:32:42"
579,"521 San Juan Bautista Tuxtepec Place","",Qaraghandy,598,"95093","844018348565",POINT (67.7666759 47.7833343),"2014-09-25 22:31:56"
580,"923 Tangail Boulevard","",Tokyo-to,10,"33384","315528269898",POINT (139.3641857 35.7078256),"2014-09-25 22:31:45"
581,"186 Skikda Lane","",Morelos,131,"89422","14465669789",POINT (-99.2307505 18.9261943),"2014-09-25 22:32:05"
582,"1568 Celaya Parkway","",Kaohsiung,168,"34750","278669994384",POINT (0 0),"2014-09-25 22:33:15"
583,"1489 Kakamigahara Lane","",Taipei,526,"98883","29341849811",POINT (0 0),"2014-09-25 22:33:16"
584,"1819 Alessandria Loop","",Campeche,103,"53829","377633994405",POINT (-91.8299183 18.6459207),"2014-09-25 22:32:02"
585,"1208 Tama Loop","",Ninawa,344,"73605","954786054144",POINT (43.1188962 36.3355174),"2014-09-25 22:31:40"
586,"951 Springs Lane","",Central Mindanao,219,"96115","165164761435",POINT (0 0),"2014-09-25 22:32:37"
587,"760 Miyakonojo Drive","",Guerrero,246,"64682","294449058179",POINT (0 0),"2014-09-25 22:32:08"
588,"966 Asuncin Way","",Hidalgo,212,"62703","995527378381",POINT (-98.4194451 21.1405936),"2014-09-25 22:32:07"
589,"1584 Ljubertsy Lane","",England,494,"22954","285710089439",POINT (-1.4042869 50.9039592),"2014-09-25 22:33:38"
590,"247 Jining Parkway","",Banjul,54,"53446","170115379190",POINT (-16.5780366 13.4527495),"2014-09-25 22:31:04"
591,"773 Dallas Manor","",Buenos Aires,424,"12664","914466027044",POINT (-58.2526595 -34.7241859),"2014-09-25 22:30:06"
592,"1923 Stara Zagora Lane","",Nantou,546,"95179","182178609211",POINT (0 0),"2014-09-25 22:33:17"
593,"1402 Zanzibar Boulevard","",Guanajuato,106,"71102","387448063440",POINT (-100.8157756 20.5235397),"2014-09-25 22:32:03"
594,"1464 Kursk Parkway","",Shandong,574,"17381","338758048786",POINT (119.1019435 36.7120636),"2014-09-25 22:30:44"
595,"1074 Sanaa Parkway","",Loja,311,"22474","154124128457",POINT (-79.2042279 -3.9931355),"2014-09-25 22:30:55"
596,"1759 Niznekamsk Avenue","",al-Manama,14,"39414","864392582257",POINT (50.5832283 26.2153669),"2014-09-25 22:30:11"
597,"32 Liaocheng Way","",Minas Gerais,248,"1944","410877354933",POINT (-43.3502807 -21.7641784),"2014-09-25 22:30:19"
598,"42 Fontana Avenue","",Fejr,512,"14684","437829801725",POINT (0 0),"2014-09-25 22:31:09"
599,"1895 Zhezqazghan Drive","",California,177,"36693","137809746111",POINT (-117.9414563 33.7739128),"2014-09-25 22:33:51"
600,"1837 Kaduna Parkway","",Inner Mongolia,241,"82580","640843562301",POINT (113.1058305 41.0275874),"2014-09-25 22:30:37"
601,"844 Bucuresti Place","",Liaoning,242,"36603","935952366111",POINT (121.7166704 39.1015975),"2014-09-25 22:30:37"
602,"1101 Bucuresti Boulevard","",West Greece,401,"97661","199514580428",POINT (21.7344436 38.2444426),"2014-09-25 22:31:07"
603,"1103 Quilmes Boulevard","",Piura,503,"52137","644021380889",POINT (-80.6852876 -4.9038955),"2014-09-25 22:32:34"
604,"1331 Usak Boulevard","",Vaud,296,"61960","145308717464",POINT (6.6328266 46.5169343),"2014-09-25 22:33:14"
605,"1325 Fukuyama Street","",Heilongjiang,537,"27107","288241215394",POINT (128.0449753 46.9804391),"2014-09-25 22:30:44"
